{
	"carName": "ferrari_488_gt3_evo",
	"basicSetup":
	{
		"tyres":
		{
			"tyreCompound": 0,
			"tyrePressure": [ 61, 61, 59, 59 ]
		},
		"alignment":
		{
			"camber": [ 0, 0, 0, 0 ],
			"toe": [ 0, 0, 0, 0 ],
			"staticCamber": [ -3.1240744590759277, -3.1240758895874023, -2.3275954723358154, -2.3275966644287109 ],
			"toeOutLinear": [ 0.0019539683125913143, 0.0019539690110832453, -0.0015253408346325159, -0.0015252447919920087 ],
			"casterLF": 46,
			"casterRF": 46,
			"steerRatio": 4
		},
		"electronics":
		{
			"tC1": 6,
			"tC2": 0,
			"abs": 3,
			"eCUMap": 0,
			"fuelMix": 0,
			"telemetryLaps": 0
		},
		"strategy":
		{
			"fuel": 13,
			"nPitStops": 0,
			"tyreSet": 2,
			"frontBrakePadCompound": 0,
			"rearBrakePadCompound": 0,
			"pitStrategy": [
				{
					"fuelToAdd": 0,
					"tyres":
					{
						"tyreCompound": 0,
						"tyrePressure": [ 44, 64, 50, 61 ]
					},
					"tyreSet": 2,
					"frontBrakePadCompound": 0,
					"rearBrakePadCompound": 0
				}
			],
			"fuelPerLap": 2.9035577774047852
		}
	},
	"advancedSetup":
	{
		"mechanicalBalance":
		{
			"aRBFront": 25,
			"aRBRear": 3,
			"wheelRate": [ 7, 7, 0, 0 ],
			"bumpStopRateUp": [ 7, 7, 1, 1 ],
			"bumpStopRateDn": [ 0, 0, 10, 10 ],
			"bumpStopWindow": [ 6, 6, 13, 13 ],
			"brakeTorque": 20,
			"brakeBias": 14
		},
		"dampers":
		{
			"bumpSlow": [ 6, 7, 5, 5 ],
			"bumpFast": [ 3, 3, 3, 3 ],
			"reboundSlow": [ 6, 6, 5, 5 ],
			"reboundFast": [ 5, 5, 4, 4 ]
		},
		"aeroBalance":
		{
			"rideHeight": [ 0, 6, 7, 18 ],
			"rodLength": [ -34.174026489257813, -34.174026489257813, -14.570292472839355, -14.570292472839355 ],
			"splitter": 0,
			"rearWing": 13,
			"brakeDuct": [ 4, 3 ]
		},
		"drivetrain":
		{
			"preload": 17
		}
	},
	"trackBopType": 44
}