{
	"carName": "lexus_rc_f_gt3",
	"basicSetup":
	{
		"tyres":
		{
			"tyreCompound": 0,
			"tyrePressure": [ 50, 58, 55, 63 ]
		},
		"alignment":
		{
			"camber": [ 0, 0, 0, 0 ],
			"toe": [ 0, 0, 0, 0 ],
			"staticCamber": [ -3.6572592258453369, -3.6515882015228271, -2.8959193229675293, -2.8900763988494873 ],
			"toeOutLinear": [ 0.00099943659733980894, 0.00099944474641233683, 0.0011361687211319804, 0.0011361715150997043 ],
			"casterLF": 22,
			"casterRF": 22,
			"steerRatio": 3
		},
		"electronics":
		{
			"tC1": 3,
			"tC2": 0,
			"abs": 4,
			"eCUMap": 0,
			"fuelMix": 0,
			"telemetryLaps": 10
		},
		"strategy":
		{
			"fuel": 18,
			"nPitStops": 0,
			"tyreSet": 1,
			"frontBrakePadCompound": 0,
			"rearBrakePadCompound": 0,
			"pitStrategy": [
				{
					"fuelToAdd": 0,
					"tyres":
					{
						"tyreCompound": 0,
						"tyrePressure": [ 53, 57, 51, 56 ]
					},
					"tyreSet": 2,
					"frontBrakePadCompound": 1,
					"rearBrakePadCompound": 1
				}
			],
			"fuelPerLap": 2.6268010139465332
		}
	},
	"advancedSetup":
	{
		"mechanicalBalance":
		{
			"aRBFront": 5,
			"aRBRear": 1,
			"wheelRate": [ 3, 3, 2, 2 ],
			"bumpStopRateUp": [ 4, 4, 2, 2 ],
			"bumpStopRateDn": [ 0, 0, 10, 10 ],
			"bumpStopWindow": [ 3, 3, 65, 65 ],
			"brakeTorque": 20,
			"brakeBias": 50
		},
		"dampers":
		{
			"bumpSlow": [ 10, 10, 16, 16 ],
			"bumpFast": [ 10, 10, 12, 12 ],
			"reboundSlow": [ 16, 16, 24, 24 ],
			"reboundFast": [ 20, 20, 18, 18 ]
		},
		"aeroBalance":
		{
			"rideHeight": [ 7, 6, 25, 18 ],
			"rodLength": [ -14.527276039123535, -14.527276039123535, 3.752650260925293, 3.752650260925293 ],
			"splitter": 0,
			"rearWing": 14,
			"brakeDuct": [ 4, 4 ]
		},
		"drivetrain":
		{
			"preload": 4
		}
	},
	"trackBopType": 37
}