{
	"carName": "honda_nsx_gt3_evo",
	"basicSetup":
	{
		"tyres":
		{
			"tyreCompound": 0,
			"tyrePressure": [ 65, 60, 60, 55 ]
		},
		"alignment":
		{
			"camber": [ 11, 10, 16, 16 ],
			"toe": [ 22, 22, 40, 40 ],
			"staticCamber": [ -2.1189608573913574, -2.2246625423431396, -3.3459126949310303, -3.3517117500305176 ],
			"toeOutLinear": [ 0.00091902620624750853, 0.0009183617657981813, -1.988650365092326e-05, -1.9875276848324575e-05 ],
			"casterLF": 15,
			"casterRF": 15,
			"steerRatio": 4
		},
		"electronics":
		{
			"tC1": 1,
			"tC2": 8,
			"abs": 5,
			"eCUMap": 0,
			"fuelMix": 0,
			"telemetryLaps": 0
		},
		"strategy":
		{
			"fuel": 98,
			"nPitStops": 0,
			"tyreSet": 1,
			"frontBrakePadCompound": 0,
			"rearBrakePadCompound": 0,
			"pitStrategy": [
				{
					"fuelToAdd": 0,
					"tyres":
					{
						"tyreCompound": 0,
						"tyrePressure": [ 69, 63, 61, 56 ]
					},
					"tyreSet": 2,
					"frontBrakePadCompound": 0,
					"rearBrakePadCompound": 0
				}
			],
			"fuelPerLap": 3.7702484130859375
		}
	},
	"advancedSetup":
	{
		"mechanicalBalance":
		{
			"aRBFront": 4,
			"aRBRear": 4,
			"wheelRate": [ 5, 5, 9, 9 ],
			"bumpStopRateUp": [ 7, 7, 2, 2 ],
			"bumpStopRateDn": [ 0, 0, 10, 10 ],
			"bumpStopWindow": [ 1, 1, 40, 40 ],
			"brakeTorque": 20,
			"brakeBias": 25
		},
		"dampers":
		{
			"bumpSlow": [ 15, 15, 14, 14 ],
			"bumpFast": [ 10, 10, 10, 10 ],
			"reboundSlow": [ 15, 15, 16, 16 ],
			"reboundFast": [ 12, 12, 15, 15 ]
		},
		"aeroBalance":
		{
			"rideHeight": [ 1, 6, 26, 18 ],
			"rodLength": [ -24.025234222412109, -24.025234222412109, 15.118354797363281, 15.118354797363281 ],
			"splitter": 0,
			"rearWing": 17,
			"brakeDuct": [ 2, 3 ]
		},
		"drivetrain":
		{
			"preload": 3
		}
	},
	"trackBopType": 12
}