{
	"carName": "audi_r8_lms_evo",
	"basicSetup":
	{
		"tyres":
		{
			"tyreCompound": 0,
			"tyrePressure": [ 56, 57, 55, 55 ]
		},
		"alignment":
		{
			"camber": [ 0, 0, 0, 0 ],
			"toe": [ 0, 0, 0, 0 ],
			"staticCamber": [ -4.2018318176269531, -4.2011685371398926, -3.3979268074035645, -3.3979206085205078 ],
			"toeOutLinear": [ 0.001006920007057488, 0.0010069223353639245, -0.001290969317778945, -0.001290974672883749 ],
			"casterLF": 14,
			"casterRF": 14,
			"steerRatio": 4
		},
		"electronics":
		{
			"tC1": 3,
			"tC2": 0,
			"abs": 4,
			"eCUMap": 0,
			"fuelMix": 0,
			"telemetryLaps": 0
		},
		"strategy":
		{
			"fuel": 15,
			"nPitStops": 0,
			"tyreSet": 1,
			"frontBrakePadCompound": 0,
			"rearBrakePadCompound": 0,
			"pitStrategy": [
				{
					"fuelToAdd": 0,
					"tyres":
					{
						"tyreCompound": 0,
						"tyrePressure": [ 52, 53, 50, 51 ]
					},
					"tyreSet": 2,
					"frontBrakePadCompound": 1,
					"rearBrakePadCompound": 1
				}
			],
			"fuelPerLap": 3.3781702518463135
		}
	},
	"advancedSetup":
	{
		"mechanicalBalance":
		{
			"aRBFront": 3,
			"aRBRear": 2,
			"wheelRate": [ 3, 3, 4, 4 ],
			"bumpStopRateUp": [ 3, 3, 4, 4 ],
			"bumpStopRateDn": [ 0, 0, 10, 10 ],
			"bumpStopWindow": [ 5, 5, 18, 18 ],
			"brakeTorque": 20,
			"brakeBias": 44
		},
		"dampers":
		{
			"bumpSlow": [ 20, 20, 20, 20 ],
			"bumpFast": [ 18, 18, 10, 10 ],
			"reboundSlow": [ 25, 25, 18, 18 ],
			"reboundFast": [ 30, 30, 24, 24 ]
		},
		"aeroBalance":
		{
			"rideHeight": [ 0, 6, 4, 18 ],
			"rodLength": [ 23.16057014465332, 23.16057014465332, 3.1173055171966553, 3.1173055171966553 ],
			"splitter": 0,
			"rearWing": 5,
			"brakeDuct": [ 4, 3 ]
		},
		"drivetrain":
		{
			"preload": 10
		}
	},
	"trackBopType": 42
}