{
	"carName": "lexus_rc_f_gt3",
	"basicSetup":
	{
		"tyres":
		{
			"tyreCompound": 0,
			"tyrePressure": [ 45, 63, 52, 63 ]
		},
		"alignment":
		{
			"camber": [ 0, 0, 0, 0 ],
			"toe": [ 0, 0, 0, 0 ],
			"staticCamber": [ -3.5726757049560547, -3.5551817417144775, -2.831078052520752, -2.8213798999786377 ],
			"toeOutLinear": [ 0.0009417798719368875, 0.00094178941799327731, 0.0011456356151029468, 0.001145698712207377 ],
			"casterLF": 23,
			"casterRF": 23,
			"steerRatio": 3
		},
		"electronics":
		{
			"tC1": 2,
			"tC2": 0,
			"abs": 3,
			"eCUMap": 0,
			"fuelMix": 0,
			"telemetryLaps": 10
		},
		"strategy":
		{
			"fuel": 10,
			"nPitStops": 0,
			"tyreSet": 0,
			"frontBrakePadCompound": 0,
			"rearBrakePadCompound": 1,
			"pitStrategy": [
				{
					"fuelToAdd": 0,
					"tyres":
					{
						"tyreCompound": 0,
						"tyrePressure": [ 53, 57, 51, 56 ]
					},
					"tyreSet": 2,
					"frontBrakePadCompound": 1,
					"rearBrakePadCompound": 1
				}
			],
			"fuelPerLap": 2.9237415790557861
		}
	},
	"advancedSetup":
	{
		"mechanicalBalance":
		{
			"aRBFront": 5,
			"aRBRear": 2,
			"wheelRate": [ 2, 2, 1, 1 ],
			"bumpStopRateUp": [ 4, 4, 0, 0 ],
			"bumpStopRateDn": [ 0, 0, 10, 10 ],
			"bumpStopWindow": [ 1, 1, 2, 2 ],
			"brakeTorque": 20,
			"brakeBias": 46
		},
		"dampers":
		{
			"bumpSlow": [ 10, 10, 17, 17 ],
			"bumpFast": [ 10, 10, 12, 12 ],
			"reboundSlow": [ 15, 15, 24, 24 ],
			"reboundFast": [ 20, 20, 18, 18 ]
		},
		"aeroBalance":
		{
			"rideHeight": [ 3, 6, 23, 18 ],
			"rodLength": [ -15.926467895507813, -15.926467895507813, 5.2513995170593262, 5.2513995170593262 ],
			"splitter": 0,
			"rearWing": 15,
			"brakeDuct": [ 4, 3 ]
		},
		"drivetrain":
		{
			"preload": 4
		}
	},
	"trackBopType": 35
}