{
	"carName": "ferrari_488_gt3_evo",
	"basicSetup":
	{
		"tyres":
		{
			"tyreCompound": 0,
			"tyrePressure": [ 48, 65, 49, 61 ]
		},
		"alignment":
		{
			"camber": [ 0, 0, 0, 0 ],
			"toe": [ 0, 0, 0, 0 ],
			"staticCamber": [ -3.1307964324951172, -3.1213493347167969, -2.2158100605010986, -2.2069885730743408 ],
			"toeOutLinear": [ 0.0019536928739398718, 0.0019536993931978941, -0.0015562343178316951, -0.001556233037263155 ],
			"casterLF": 46,
			"casterRF": 46,
			"steerRatio": 4
		},
		"electronics":
		{
			"tC1": 5,
			"tC2": 0,
			"abs": 3,
			"eCUMap": 0,
			"fuelMix": 0,
			"telemetryLaps": 0
		},
		"strategy":
		{
			"fuel": 12,
			"nPitStops": 0,
			"tyreSet": 7,
			"frontBrakePadCompound": 0,
			"rearBrakePadCompound": 0,
			"pitStrategy": [
				{
					"fuelToAdd": 0,
					"tyres":
					{
						"tyreCompound": 0,
						"tyrePressure": [ 44, 64, 50, 61 ]
					},
					"tyreSet": 2,
					"frontBrakePadCompound": 0,
					"rearBrakePadCompound": 0
				}
			],
			"fuelPerLap": 2.684661865234375
		}
	},
	"advancedSetup":
	{
		"mechanicalBalance":
		{
			"aRBFront": 25,
			"aRBRear": 3,
			"wheelRate": [ 7, 7, 0, 0 ],
			"bumpStopRateUp": [ 7, 7, 1, 1 ],
			"bumpStopRateDn": [ 0, 0, 10, 10 ],
			"bumpStopWindow": [ 3, 3, 13, 13 ],
			"brakeTorque": 20,
			"brakeBias": 14
		},
		"dampers":
		{
			"bumpSlow": [ 6, 7, 5, 5 ],
			"bumpFast": [ 3, 3, 3, 3 ],
			"reboundSlow": [ 6, 6, 5, 5 ],
			"reboundFast": [ 5, 5, 4, 4 ]
		},
		"aeroBalance":
		{
			"rideHeight": [ 0, 6, 3, 18 ],
			"rodLength": [ -34.280708312988281, -34.280708312988281, -18.806341171264648, -18.806341171264648 ],
			"splitter": 0,
			"rearWing": 12,
			"brakeDuct": [ 5, 4 ]
		},
		"drivetrain":
		{
			"preload": 17
		}
	},
	"trackBopType": 37
}