{
	"carName": "amr_v12_vantage_gt3",
	"basicSetup":
	{
		"tyres":
		{
			"tyreCompound": 0,
			"tyrePressure": [ 56, 58, 57, 58 ]
		},
		"alignment":
		{
			"camber": [ 0, 0, 0, 0 ],
			"toe": [ 0, 0, 0, 0 ],
			"staticCamber": [ -3.9026033878326416, -3.9011232852935791, -2.9954793453216553, -2.9948322772979736 ],
			"toeOutLinear": [ 0.0015345374122262001, 0.0015345374122262001, -0.0013145398115739226, -0.0013145580887794495 ],
			"casterLF": 3,
			"casterRF": 3,
			"steerRatio": 1
		},
		"electronics":
		{
			"tC1": 1,
			"tC2": 0,
			"abs": 4,
			"eCUMap": 0,
			"fuelMix": 0,
			"telemetryLaps": 0
		},
		"strategy":
		{
			"fuel": 15,
			"nPitStops": 0,
			"tyreSet": 1,
			"frontBrakePadCompound": 0,
			"rearBrakePadCompound": 0,
			"pitStrategy": [
				{
					"fuelToAdd": 0,
					"tyres":
					{
						"tyreCompound": 0,
						"tyrePressure": [ 50, 53, 55, 56 ]
					},
					"tyreSet": 2,
					"frontBrakePadCompound": 1,
					"rearBrakePadCompound": 1
				}
			],
			"fuelPerLap": 2.8668375015258789
		}
	},
	"advancedSetup":
	{
		"mechanicalBalance":
		{
			"aRBFront": 6,
			"aRBRear": 4,
			"wheelRate": [ 7, 7, 2, 2 ],
			"bumpStopRateUp": [ 5, 5, 4, 4 ],
			"bumpStopRateDn": [ 0, 0, 10, 10 ],
			"bumpStopWindow": [ 7, 7, 5, 5 ],
			"brakeTorque": 20,
			"brakeBias": 0
		},
		"dampers":
		{
			"bumpSlow": [ 22, 22, 12, 12 ],
			"bumpFast": [ 20, 20, 15, 15 ],
			"reboundSlow": [ 22, 22, 20, 20 ],
			"reboundFast": [ 25, 25, 20, 20 ]
		},
		"aeroBalance":
		{
			"rideHeight": [ 0, 6, 17, 18 ],
			"rodLength": [ 5.236328125, 5.236328125, -12.617053985595703, -12.617053985595703 ],
			"splitter": 0,
			"rearWing": 10,
			"brakeDuct": [ 4, 2 ]
		},
		"drivetrain":
		{
			"preload": 2
		}
	},
	"trackBopType": 34
}