{
	"carName": "honda_nsx_gt3_evo",
	"basicSetup":
	{
		"tyres":
		{
			"tyreCompound": 0,
			"tyrePressure": [ 58, 70, 55, 69 ]
		},
		"alignment":
		{
			"camber": [ 10, 10, 16, 16 ],
			"toe": [ 18, 18, 47, 47 ],
			"staticCamber": [ -2.2865028381347656, -2.2810850143432617, -3.6131625175476074, -3.6010758876800537 ],
			"toeOutLinear": [ 0.00098892743699252605, 0.00098891975358128548, 0.00029093111515976489, 0.00029086825088597834 ],
			"casterLF": 15,
			"casterRF": 15,
			"steerRatio": 2
		},
		"electronics":
		{
			"tC1": 1,
			"tC2": 8,
			"abs": 4,
			"eCUMap": 0,
			"fuelMix": 0,
			"telemetryLaps": 0
		},
		"strategy":
		{
			"fuel": 18,
			"nPitStops": 0,
			"tyreSet": 2,
			"frontBrakePadCompound": 0,
			"rearBrakePadCompound": 0,
			"pitStrategy": [
				{
					"fuelToAdd": 0,
					"tyres":
					{
						"tyreCompound": 0,
						"tyrePressure": [ 54, 61, 48, 55 ]
					},
					"tyreSet": 2,
					"frontBrakePadCompound": 1,
					"rearBrakePadCompound": 1
				}
			],
			"fuelPerLap": 2.4000000953674316
		}
	},
	"advancedSetup":
	{
		"mechanicalBalance":
		{
			"aRBFront": 4,
			"aRBRear": 6,
			"wheelRate": [ 4, 4, 7, 7 ],
			"bumpStopRateUp": [ 6, 6, 2, 2 ],
			"bumpStopRateDn": [ 0, 0, 10, 10 ],
			"bumpStopWindow": [ 3, 3, 42, 42 ],
			"brakeTorque": 20,
			"brakeBias": 23
		},
		"dampers":
		{
			"bumpSlow": [ 15, 15, 10, 10 ],
			"bumpFast": [ 10, 10, 10, 10 ],
			"reboundSlow": [ 15, 15, 18, 18 ],
			"reboundFast": [ 12, 12, 20, 20 ]
		},
		"aeroBalance":
		{
			"rideHeight": [ 2, 6, 31, 18 ],
			"rodLength": [ -22.268884658813477, -22.268884658813477, 20.582204818725586, 20.582204818725586 ],
			"splitter": 0,
			"rearWing": 20,
			"brakeDuct": [ 2, 6 ]
		},
		"drivetrain":
		{
			"preload": 2
		}
	},
	"trackBopType": 3
}