{
	"carName": "lamborghini_huracan_gt3_evo",
	"basicSetup":
	{
		"tyres":
		{
			"tyreCompound": 0,
			"tyrePressure": [ 55, 61, 55, 60 ]
		},
		"alignment":
		{
			"camber": [ 2, 2, 2, 2 ],
			"toe": [ 0, 0, 0, 0 ],
			"staticCamber": [ -3.7308001518249512, -3.7272696495056152, -2.5266273021697998, -2.5225632190704346 ],
			"toeOutLinear": [ 0.0012260358780622482, 0.0012260423973202705, -0.00086658960208296776, -0.00086658255895599723 ],
			"casterLF": 15,
			"casterRF": 15,
			"steerRatio": 1
		},
		"electronics":
		{
			"tC1": 5,
			"tC2": 0,
			"abs": 3,
			"eCUMap": 0,
			"fuelMix": 0,
			"telemetryLaps": 0
		},
		"strategy":
		{
			"fuel": 98,
			"nPitStops": 0,
			"tyreSet": 0,
			"frontBrakePadCompound": 1,
			"rearBrakePadCompound": 1,
			"pitStrategy": [
				{
					"fuelToAdd": 98,
					"tyres":
					{
						"tyreCompound": 0,
						"tyrePressure": [ 55, 61, 55, 60 ]
					},
					"tyreSet": 2,
					"frontBrakePadCompound": 1,
					"rearBrakePadCompound": 1
				}
			],
			"fuelPerLap": 2.7953791618347168
		}
	},
	"advancedSetup":
	{
		"mechanicalBalance":
		{
			"aRBFront": 5,
			"aRBRear": 3,
			"wheelRate": [ 3, 3, 3, 3 ],
			"bumpStopRateUp": [ 7, 7, 1, 1 ],
			"bumpStopRateDn": [ 0, 0, 10, 10 ],
			"bumpStopWindow": [ 2, 2, 60, 60 ],
			"brakeTorque": 20,
			"brakeBias": 41
		},
		"dampers":
		{
			"bumpSlow": [ 25, 25, 21, 21 ],
			"bumpFast": [ 30, 30, 15, 15 ],
			"reboundSlow": [ 25, 25, 25, 25 ],
			"reboundFast": [ 35, 35, 27, 27 ]
		},
		"aeroBalance":
		{
			"rideHeight": [ 2, 6, 7, 18 ],
			"rodLength": [ -8.4672327041625977, -8.4672327041625977, 2.5812346935272217, 2.5812346935272217 ],
			"splitter": 0,
			"rearWing": 12,
			"brakeDuct": [ 4, 3 ]
		},
		"drivetrain":
		{
			"preload": 11
		}
	},
	"trackBopType": 28
}