{
	"carName": "honda_nsx_gt3_evo",
	"basicSetup":
	{
		"tyres":
		{
			"tyreCompound": 0,
			"tyrePressure": [ 61, 66, 59, 61 ]
		},
		"alignment":
		{
			"camber": [ 10, 10, 15, 15 ],
			"toe": [ 27, 27, 47, 47 ],
			"staticCamber": [ -2.2609603404998779, -2.258065938949585, -3.5309162139892578, -3.5291271209716797 ],
			"toeOutLinear": [ 0.00078280823072418571, 0.00078240776201710105, 0.00022302512661553919, 0.00022303310106508434 ],
			"casterLF": 15,
			"casterRF": 15,
			"steerRatio": 2
		},
		"electronics":
		{
			"tC1": 1,
			"tC2": 8,
			"abs": 4,
			"eCUMap": 0,
			"fuelMix": 0,
			"telemetryLaps": 0
		},
		"strategy":
		{
			"fuel": 12,
			"nPitStops": 0,
			"tyreSet": 0,
			"frontBrakePadCompound": 0,
			"rearBrakePadCompound": 0,
			"pitStrategy": [
				{
					"fuelToAdd": 0,
					"tyres":
					{
						"tyreCompound": 0,
						"tyrePressure": [ 54, 61, 48, 55 ]
					},
					"tyreSet": 2,
					"frontBrakePadCompound": 1,
					"rearBrakePadCompound": 1
				}
			],
			"fuelPerLap": 2.6068439483642578
		}
	},
	"advancedSetup":
	{
		"mechanicalBalance":
		{
			"aRBFront": 4,
			"aRBRear": 4,
			"wheelRate": [ 3, 3, 6, 6 ],
			"bumpStopRateUp": [ 6, 6, 2, 2 ],
			"bumpStopRateDn": [ 0, 0, 10, 10 ],
			"bumpStopWindow": [ 3, 3, 40, 40 ],
			"brakeTorque": 20,
			"brakeBias": 12
		},
		"dampers":
		{
			"bumpSlow": [ 15, 15, 10, 10 ],
			"bumpFast": [ 10, 10, 10, 10 ],
			"reboundSlow": [ 15, 15, 18, 18 ],
			"reboundFast": [ 12, 12, 20, 20 ]
		},
		"aeroBalance":
		{
			"rideHeight": [ 2, 6, 28, 18 ],
			"rodLength": [ -21.895406723022461, -21.895406723022461, 17.860837936401367, 17.860837936401367 ],
			"splitter": 0,
			"rearWing": 20,
			"brakeDuct": [ 3, 6 ]
		},
		"drivetrain":
		{
			"preload": 2
		}
	},
	"trackBopType": 19
}