{
	"carName": "lamborghini_huracan_st_evo2",
	"basicSetup":
	{
		"tyres":
		{
			"tyreCompound": 0,
			"tyrePressure": [ 14, 27, 7, 19 ]
		},
		"alignment":
		{
			"camber": [ 0, 0, 0, 0 ],
			"toe": [ 30, 30, 45, 45 ],
			"staticCamber": [ -1.7369740009307861, -1.7265923023223877, -4.0378313064575195, -4.0299243927001953 ],
			"toeOutLinear": [ -0.0023487824946641922, -0.002348725451156497, 6.0388323618099093e-05, 6.042127643013373e-05 ],
			"casterLF": 19,
			"casterRF": 19,
			"steerRatio": 0
		},
		"electronics":
		{
			"tC1": 3,
			"tC2": 0,
			"abs": 5,
			"eCUMap": 0,
			"fuelMix": 0,
			"telemetryLaps": 0
		},
		"strategy":
		{
			"fuel": 14,
			"nPitStops": 0,
			"tyreSet": 3,
			"frontBrakePadCompound": 1,
			"rearBrakePadCompound": 1,
			"pitStrategy": [
				{
					"fuelToAdd": 0,
					"tyres":
					{
						"tyreCompound": 0,
						"tyrePressure": [ 5, 17, 1, 14 ]
					},
					"tyreSet": 2,
					"frontBrakePadCompound": 1,
					"rearBrakePadCompound": 1
				}
			],
			"fuelPerLap": 2.2486867904663086
		}
	},
	"advancedSetup":
	{
		"mechanicalBalance":
		{
			"aRBFront": 3,
			"aRBRear": 0,
			"wheelRate": [ 2, 2, 4, 4 ],
			"bumpStopRateUp": [ 0, 0, 0, 0 ],
			"bumpStopRateDn": [ 0, 0, 10, 10 ],
			"bumpStopWindow": [ 10, 10, 25, 25 ],
			"brakeTorque": 20,
			"brakeBias": 10
		},
		"dampers":
		{
			"bumpSlow": [ 20, 20, 15, 15 ],
			"bumpFast": [ 0, 0, 0, 0 ],
			"reboundSlow": [ 20, 20, 23, 23 ],
			"reboundFast": [ 0, 0, 0, 0 ]
		},
		"aeroBalance":
		{
			"rideHeight": [ 2, 6, 19, 18 ],
			"rodLength": [ -27.340681076049805, -27.340681076049805, 26.827007293701172, 26.827007293701172 ],
			"splitter": 0,
			"rearWing": 19,
			"brakeDuct": [ 6, 5 ]
		},
		"drivetrain":
		{
			"preload": 4
		}
	},
	"trackBopType": 36
}