{
	"carName": "audi_r8_lms_evo",
	"basicSetup":
	{
		"tyres":
		{
			"tyreCompound": 0,
			"tyrePressure": [ 52, 55, 54, 58 ]
		},
		"alignment":
		{
			"camber": [ 7, 11, 12, 15 ],
			"toe": [ 20, 20, 52, 52 ],
			"staticCamber": [ -4.5179653167724609, -4.1053509712219238, -3.6563282012939453, -3.3449954986572266 ],
			"toeOutLinear": [ 0.00064878928242251277, 0.00064827658934518695, 0.00041761063039302826, 0.0004177022201474756 ],
			"casterLF": 17,
			"casterRF": 17,
			"steerRatio": 4
		},
		"electronics":
		{
			"tC1": 4,
			"tC2": 0,
			"abs": 3,
			"eCUMap": 0,
			"fuelMix": 0,
			"telemetryLaps": 0
		},
		"strategy":
		{
			"fuel": 0,
			"nPitStops": 0,
			"tyreSet": 5,
			"frontBrakePadCompound": 0,
			"rearBrakePadCompound": 0,
			"pitStrategy": [
				{
					"fuelToAdd": 0,
					"tyres":
					{
						"tyreCompound": 0,
						"tyrePressure": [ 50, 53, 47, 49 ]
					},
					"tyreSet": 2,
					"frontBrakePadCompound": 1,
					"rearBrakePadCompound": 1
				}
			],
			"fuelPerLap": 3
		}
	},
	"advancedSetup":
	{
		"mechanicalBalance":
		{
			"aRBFront": 2,
			"aRBRear": 3,
			"wheelRate": [ 2, 2, 3, 3 ],
			"bumpStopRateUp": [ 6, 6, 9, 9 ],
			"bumpStopRateDn": [ 0, 0, 10, 10 ],
			"bumpStopWindow": [ 5, 5, 60, 60 ],
			"brakeTorque": 20,
			"brakeBias": 59
		},
		"dampers":
		{
			"bumpSlow": [ 17, 17, 10, 10 ],
			"bumpFast": [ 15, 15, 10, 10 ],
			"reboundSlow": [ 17, 17, 14, 14 ],
			"reboundFast": [ 18, 18, 19, 19 ]
		},
		"aeroBalance":
		{
			"rideHeight": [ 6, 6, 11, 18 ],
			"rodLength": [ 29.988283157348633, 29.988283157348633, 10.829987525939941, 10.829987525939941 ],
			"splitter": 0,
			"rearWing": 5,
			"brakeDuct": [ 2, 2 ]
		},
		"drivetrain":
		{
			"preload": 2
		}
	}
}