{
	"carName": "amr_v8_vantage_gt3",
	"basicSetup":
	{
		"tyres":
		{
			"tyreCompound": 0,
			"tyrePressure": [ 58, 57, 60, 59 ]
		},
		"alignment":
		{
			"camber": [ 0, 0, 0, 0 ],
			"toe": [ 0, 0, 0, 0 ],
			"staticCamber": [ -5.5647196769714355, -5.5653982162475586, -5.40325927734375, -5.4040732383728027 ],
			"toeOutLinear": [ 0.00073552882531657815, 0.00073552964022383094, -0.00091390043962746859, -0.00091388891451060772 ],
			"casterLF": 0,
			"casterRF": 0,
			"steerRatio": 1
		},
		"electronics":
		{
			"tC1": 1,
			"tC2": 7,
			"abs": 3,
			"eCUMap": 0,
			"fuelMix": 0,
			"telemetryLaps": 5
		},
		"strategy":
		{
			"fuel": 15,
			"nPitStops": 0,
			"tyreSet": 0,
			"frontBrakePadCompound": 0,
			"rearBrakePadCompound": 0,
			"pitStrategy": [
				{
					"fuelToAdd": 0,
					"tyres":
					{
						"tyreCompound": 0,
						"tyrePressure": [ 50, 58, 48, 55 ]
					},
					"tyreSet": 2,
					"frontBrakePadCompound": 1,
					"rearBrakePadCompound": 1
				}
			],
			"fuelPerLap": 2.5214133262634277
		}
	},
	"advancedSetup":
	{
		"mechanicalBalance":
		{
			"aRBFront": 5,
			"aRBRear": 1,
			"wheelRate": [ 2, 2, 5, 5 ],
			"bumpStopRateUp": [ 3, 3, 4, 4 ],
			"bumpStopRateDn": [ 0, 0, 10, 10 ],
			"bumpStopWindow": [ 23, 23, 55, 55 ],
			"brakeTorque": 20,
			"brakeBias": 18
		},
		"dampers":
		{
			"bumpSlow": [ 14, 14, 26, 26 ],
			"bumpFast": [ 6, 6, 15, 15 ],
			"reboundSlow": [ 20, 20, 24, 24 ],
			"reboundFast": [ 28, 28, 32, 32 ]
		},
		"aeroBalance":
		{
			"rideHeight": [ 6, 6, 32, 18 ],
			"rodLength": [ 65.489295959472656, 65.489295959472656, 76.666168212890625, 76.666168212890625 ],
			"splitter": 0,
			"rearWing": 10,
			"brakeDuct": [ 6, 3 ]
		},
		"drivetrain":
		{
			"preload": 3
		}
	},
	"trackBopType": 45
}