{
	"carName": "lamborghini_huracan_gt3_evo",
	"basicSetup":
	{
		"tyres":
		{
			"tyreCompound": 0,
			"tyrePressure": [ 61, 60, 60, 58 ]
		},
		"alignment":
		{
			"camber": [ 0, 2, 2, 4 ],
			"toe": [ 0, 0, 0, 0 ],
			"staticCamber": [ -3.9078254699707031, -3.7028701305389404, -2.6758112907409668, -2.4716835021972656 ],
			"toeOutLinear": [ 0.0012992264237254858, 0.0012996766017749906, -0.00087151490151882172, -0.00087152625201269984 ],
			"casterLF": 14,
			"casterRF": 14,
			"steerRatio": 1
		},
		"electronics":
		{
			"tC1": 2,
			"tC2": 0,
			"abs": 4,
			"eCUMap": 0,
			"fuelMix": 0,
			"telemetryLaps": 9
		},
		"strategy":
		{
			"fuel": 13,
			"nPitStops": 0,
			"tyreSet": 9,
			"frontBrakePadCompound": 0,
			"rearBrakePadCompound": 0,
			"pitStrategy": [
				{
					"fuelToAdd": 0,
					"tyres":
					{
						"tyreCompound": 0,
						"tyrePressure": [ 62, 60, 61, 59 ]
					},
					"tyreSet": 2,
					"frontBrakePadCompound": 1,
					"rearBrakePadCompound": 1
				}
			],
			"fuelPerLap": 2.8432657718658447
		}
	},
	"advancedSetup":
	{
		"mechanicalBalance":
		{
			"aRBFront": 5,
			"aRBRear": 5,
			"wheelRate": [ 2, 2, 3, 3 ],
			"bumpStopRateUp": [ 8, 8, 6, 6 ],
			"bumpStopRateDn": [ 0, 0, 10, 10 ],
			"bumpStopWindow": [ 3, 3, 65, 65 ],
			"brakeTorque": 20,
			"brakeBias": 25
		},
		"dampers":
		{
			"bumpSlow": [ 15, 15, 10, 10 ],
			"bumpFast": [ 6, 6, 10, 10 ],
			"reboundSlow": [ 14, 14, 20, 20 ],
			"reboundFast": [ 15, 15, 10, 10 ]
		},
		"aeroBalance":
		{
			"rideHeight": [ 0, 6, 10, 18 ],
			"rodLength": [ -10.165403366088867, -10.165403366088867, 2.7566146850585938, 2.7566146850585938 ],
			"splitter": 0,
			"rearWing": 12,
			"brakeDuct": [ 4, 2 ]
		},
		"drivetrain":
		{
			"preload": 7
		}
	},
	"trackBopType": 44
}