{
	"carName": "lamborghini_huracan_gt3_evo",
	"basicSetup":
	{
		"tyres":
		{
			"tyreCompound": 1,
			"tyrePressure": [ 82, 81, 77, 75 ]
		},
		"alignment":
		{
			"camber": [ 10, 10, 10, 10 ],
			"toe": [ 0, 0, 0, 0 ],
			"staticCamber": [ -2.8956847190856934, -2.8961465358734131, -1.7574373483657837, -1.7588675022125244 ],
			"toeOutLinear": [ 0.0013230291660875082, 0.0013230233453214169, -0.00086779793491587043, -0.00086781691061332822 ],
			"casterLF": 15,
			"casterRF": 15,
			"steerRatio": 1
		},
		"electronics":
		{
			"tC1": 4,
			"tC2": 0,
			"abs": 5,
			"eCUMap": 0,
			"fuelMix": 0,
			"telemetryLaps": 9
		},
		"strategy":
		{
			"fuel": 13,
			"nPitStops": 0,
			"tyreSet": 0,
			"frontBrakePadCompound": 0,
			"rearBrakePadCompound": 0,
			"pitStrategy": [
				{
					"fuelToAdd": 0,
					"tyres":
					{
						"tyreCompound": 0,
						"tyrePressure": [ 79, 78, 74, 73 ]
					},
					"tyreSet": 2,
					"frontBrakePadCompound": 0,
					"rearBrakePadCompound": 0
				}
			],
			"fuelPerLap": 2.7674164772033691
		}
	},
	"advancedSetup":
	{
		"mechanicalBalance":
		{
			"aRBFront": 5,
			"aRBRear": 5,
			"wheelRate": [ 1, 1, 2, 2 ],
			"bumpStopRateUp": [ 7, 7, 0, 0 ],
			"bumpStopRateDn": [ 0, 0, 10, 10 ],
			"bumpStopWindow": [ 8, 8, 70, 70 ],
			"brakeTorque": 20,
			"brakeBias": 0
		},
		"dampers":
		{
			"bumpSlow": [ 15, 15, 10, 10 ],
			"bumpFast": [ 6, 6, 10, 10 ],
			"reboundSlow": [ 14, 14, 20, 20 ],
			"reboundFast": [ 15, 15, 10, 10 ]
		},
		"aeroBalance":
		{
			"rideHeight": [ 0, 6, 9, 18 ],
			"rodLength": [ -8.7448396682739258, -8.7448396682739258, 1.7328032255172729, 1.7328032255172729 ],
			"splitter": 0,
			"rearWing": 12,
			"brakeDuct": [ 4, 2 ]
		},
		"drivetrain":
		{
			"preload": 9
		}
	},
	"trackBopType": 44
}