{
	"carName": "bmw_m2_cs_racing",
	"basicSetup":
	{
		"tyres":
		{
			"tyreCompound": 0,
			"tyrePressure": [ 38, 60, 49, 64 ]
		},
		"alignment":
		{
			"camber": [ 5, 5, 5, 5 ],
			"toe": [ 0, 0, 0, 0 ],
			"staticCamber": [ -4.3186068534851074, -4.2914738655090332, -2.538546085357666, -2.5262076854705811 ],
			"toeOutLinear": [ 0.00026883403188548982, 0.00027597337611950934, 3.0238732506404631e-05, 3.0163882911438122e-05 ],
			"casterLF": 0,
			"casterRF": 0,
			"steerRatio": 5
		},
		"electronics":
		{
			"tC1": 1,
			"tC2": 0,
			"abs": 1,
			"eCUMap": 0,
			"fuelMix": 0,
			"telemetryLaps": 0
		},
		"strategy":
		{
			"fuel": 17,
			"nPitStops": 0,
			"tyreSet": 3,
			"frontBrakePadCompound": 1,
			"rearBrakePadCompound": 1,
			"pitStrategy": [
				{
					"fuelToAdd": 0,
					"tyres":
					{
						"tyreCompound": 0,
						"tyrePressure": [ 27, 43, 31, 48 ]
					},
					"tyreSet": 2,
					"frontBrakePadCompound": 1,
					"rearBrakePadCompound": 1
				}
			],
			"fuelPerLap": 1.6601419448852539
		}
	},
	"advancedSetup":
	{
		"mechanicalBalance":
		{
			"aRBFront": 1,
			"aRBRear": 2,
			"wheelRate": [ 0, 0, 0, 0 ],
			"bumpStopRateUp": [ 0, 0, 0, 0 ],
			"bumpStopRateDn": [ 0, 0, 10, 10 ],
			"bumpStopWindow": [ 30, 30, 10, 10 ],
			"brakeTorque": 20,
			"brakeBias": 0
		},
		"dampers":
		{
			"bumpSlow": [ 7, 7, 9, 9 ],
			"bumpFast": [ 0, 0, 0, 0 ],
			"reboundSlow": [ 9, 9, 9, 9 ],
			"reboundFast": [ 0, 0, 0, 0 ]
		},
		"aeroBalance":
		{
			"rideHeight": [ 0, 0, 9, 0 ],
			"rodLength": [ -2.0915825366973877, -2.0915825366973877, 2.8321747779846191, 2.8321747779846191 ],
			"splitter": 0,
			"rearWing": 4,
			"brakeDuct": [ 6, 3 ]
		},
		"drivetrain":
		{
			"preload": 0
		}
	},
	"trackBopType": 36
}