{
	"carName": "amr_v8_vantage_gt3",
	"basicSetup":
	{
		"tyres":
		{
			"tyreCompound": 0,
			"tyrePressure": [ 87, 91, 85, 89 ]
		},
		"alignment":
		{
			"camber": [ 0, 0, 0, 0 ],
			"toe": [ 10, 10, 20, 20 ],
			"staticCamber": [ -5.4371957778930664, -5.4337153434753418, -5.3848404884338379, -5.3818025588989258 ],
			"toeOutLinear": [ 0.00059445371152833104, 0.00059443397913128138, -0.00042639265302568674, -0.00042637105798348784 ],
			"casterLF": 23,
			"casterRF": 23,
			"steerRatio": 1
		},
		"electronics":
		{
			"tC1": 2,
			"tC2": 8,
			"abs": 2,
			"eCUMap": 0,
			"fuelMix": 0,
			"telemetryLaps": 5
		},
		"strategy":
		{
			"fuel": 13,
			"nPitStops": 0,
			"tyreSet": 1,
			"frontBrakePadCompound": 0,
			"rearBrakePadCompound": 0,
			"pitStrategy": [
				{
					"fuelToAdd": 40,
					"tyres":
					{
						"tyreCompound": 0,
						"tyrePressure": [ 46, 63, 49, 61 ]
					},
					"tyreSet": 2,
					"frontBrakePadCompound": 0,
					"rearBrakePadCompound": 0
				}
			],
			"fuelPerLap": 2.3802351951599121
		}
	},
	"advancedSetup":
	{
		"mechanicalBalance":
		{
			"aRBFront": 6,
			"aRBRear": 5,
			"wheelRate": [ 5, 5, 5, 5 ],
			"bumpStopRateUp": [ 5, 5, 6, 6 ],
			"bumpStopRateDn": [ 0, 0, 10, 10 ],
			"bumpStopWindow": [ 10, 10, 8, 8 ],
			"brakeTorque": 20,
			"brakeBias": 10
		},
		"dampers":
		{
			"bumpSlow": [ 11, 11, 8, 8 ],
			"bumpFast": [ 0, 0, 0, 0 ],
			"reboundSlow": [ 19, 19, 18, 18 ],
			"reboundFast": [ 20, 20, 23, 23 ]
		},
		"aeroBalance":
		{
			"rideHeight": [ 0, 6, 33, 18 ],
			"rodLength": [ 55.946971893310547, 55.946971893310547, 77.305572509765625, 77.305572509765625 ],
			"splitter": 0,
			"rearWing": 10,
			"brakeDuct": [ 3, 2 ]
		},
		"drivetrain":
		{
			"preload": 6
		}
	},
	"trackBopType": 46
}