{
	"carName": "amr_v8_vantage_gt3",
	"basicSetup":
	{
		"tyres":
		{
			"tyreCompound": 0,
			"tyrePressure": [ 58, 66, 63, 68 ]
		},
		"alignment":
		{
			"camber": [ 0, 0, 0, 0 ],
			"toe": [ 10, 10, 20, 20 ],
			"staticCamber": [ -5.4430227279663086, -5.4391255378723145, -5.3903942108154297, -5.3864693641662598 ],
			"toeOutLinear": [ 0.00059457612223923206, 0.00059456884628161788, -0.00042611878598108888, -0.00042613153345882893 ],
			"casterLF": 23,
			"casterRF": 23,
			"steerRatio": 1
		},
		"electronics":
		{
			"tC1": 2,
			"tC2": 8,
			"abs": 2,
			"eCUMap": 0,
			"fuelMix": 0,
			"telemetryLaps": 5
		},
		"strategy":
		{
			"fuel": 13,
			"nPitStops": 0,
			"tyreSet": 2,
			"frontBrakePadCompound": 0,
			"rearBrakePadCompound": 0,
			"pitStrategy": [
				{
					"fuelToAdd": 40,
					"tyres":
					{
						"tyreCompound": 0,
						"tyrePressure": [ 46, 63, 49, 61 ]
					},
					"tyreSet": 2,
					"frontBrakePadCompound": 0,
					"rearBrakePadCompound": 0
				}
			],
			"fuelPerLap": 2.3801562786102295
		}
	},
	"advancedSetup":
	{
		"mechanicalBalance":
		{
			"aRBFront": 6,
			"aRBRear": 5,
			"wheelRate": [ 5, 5, 5, 5 ],
			"bumpStopRateUp": [ 5, 5, 6, 6 ],
			"bumpStopRateDn": [ 0, 0, 10, 10 ],
			"bumpStopWindow": [ 10, 10, 8, 8 ],
			"brakeTorque": 20,
			"brakeBias": 24
		},
		"dampers":
		{
			"bumpSlow": [ 11, 11, 8, 8 ],
			"bumpFast": [ 0, 0, 0, 0 ],
			"reboundSlow": [ 19, 19, 18, 18 ],
			"reboundFast": [ 20, 20, 23, 23 ]
		},
		"aeroBalance":
		{
			"rideHeight": [ 0, 6, 33, 18 ],
			"rodLength": [ 56.151653289794922, 56.151653289794922, 77.551803588867188, 77.551803588867188 ],
			"splitter": 0,
			"rearWing": 10,
			"brakeDuct": [ 4, 4 ]
		},
		"drivetrain":
		{
			"preload": 6
		}
	},
	"trackBopType": 46
}