{
	"carName": "amr_v8_vantage_gt3",
	"basicSetup":
	{
		"tyres":
		{
			"tyreCompound": 0,
			"tyrePressure": [ 46, 63, 49, 61 ]
		},
		"alignment":
		{
			"camber": [ 0, 0, 0, 0 ],
			"toe": [ 10, 10, 20, 20 ],
			"staticCamber": [ -5.3996338844299316, -5.3887534141540527, -5.3655529022216797, -5.3565545082092285 ],
			"toeOutLinear": [ 0.00059355469420552254, 0.00059355492703616619, -0.00042753262096084654, -0.00042748925625346601 ],
			"casterLF": 23,
			"casterRF": 23,
			"steerRatio": 1
		},
		"electronics":
		{
			"tC1": 2,
			"tC2": 8,
			"abs": 2,
			"eCUMap": 0,
			"fuelMix": 0,
			"telemetryLaps": 5
		},
		"strategy":
		{
			"fuel": 96,
			"nPitStops": 0,
			"tyreSet": 0,
			"frontBrakePadCompound": 1,
			"rearBrakePadCompound": 1,
			"pitStrategy": [
				{
					"fuelToAdd": 40,
					"tyres":
					{
						"tyreCompound": 0,
						"tyrePressure": [ 46, 63, 49, 61 ]
					},
					"tyreSet": 2,
					"frontBrakePadCompound": 0,
					"rearBrakePadCompound": 0
				}
			],
			"fuelPerLap": 2.75
		}
	},
	"advancedSetup":
	{
		"mechanicalBalance":
		{
			"aRBFront": 6,
			"aRBRear": 5,
			"wheelRate": [ 5, 5, 5, 5 ],
			"bumpStopRateUp": [ 5, 5, 6, 6 ],
			"bumpStopRateDn": [ 0, 0, 10, 10 ],
			"bumpStopWindow": [ 10, 10, 8, 8 ],
			"brakeTorque": 20,
			"brakeBias": 24
		},
		"dampers":
		{
			"bumpSlow": [ 11, 11, 8, 8 ],
			"bumpFast": [ 0, 0, 0, 0 ],
			"reboundSlow": [ 19, 19, 18, 18 ],
			"reboundFast": [ 20, 20, 23, 23 ]
		},
		"aeroBalance":
		{
			"rideHeight": [ 0, 6, 33, 18 ],
			"rodLength": [ 54.973041534423828, 54.973041534423828, 77.83538818359375, 77.83538818359375 ],
			"splitter": 0,
			"rearWing": 10,
			"brakeDuct": [ 4, 4 ]
		},
		"drivetrain":
		{
			"preload": 6
		}
	},
	"trackBopType": 35
}