{
	"carName": "ferrari_488_gt3_evo",
	"basicSetup":
	{
		"tyres":
		{
			"tyreCompound": 0,
			"tyrePressure": [ 51, 61, 49, 56 ]
		},
		"alignment":
		{
			"camber": [ 0, 0, 0, 0 ],
			"toe": [ 0, 0, 0, 0 ],
			"staticCamber": [ -3.1031665802001953, -3.097379207611084, -2.361950159072876, -2.3570225238800049 ],
			"toeOutLinear": [ 0.0018567655934020877, 0.0018567739753052592, -0.0015157310990616679, -0.001515751238912344 ],
			"casterLF": 94,
			"casterRF": 94,
			"steerRatio": 4
		},
		"electronics":
		{
			"tC1": 7,
			"tC2": 0,
			"abs": 4,
			"eCUMap": 0,
			"fuelMix": 0,
			"telemetryLaps": 0
		},
		"strategy":
		{
			"fuel": 12,
			"nPitStops": 0,
			"tyreSet": 5,
			"frontBrakePadCompound": 0,
			"rearBrakePadCompound": 0,
			"pitStrategy": [
				{
					"fuelToAdd": 0,
					"tyres":
					{
						"tyreCompound": 0,
						"tyrePressure": [ 50, 55, 50, 53 ]
					},
					"tyreSet": 2,
					"frontBrakePadCompound": 1,
					"rearBrakePadCompound": 1
				}
			],
			"fuelPerLap": 3.2056851387023926
		}
	},
	"advancedSetup":
	{
		"mechanicalBalance":
		{
			"aRBFront": 30,
			"aRBRear": 20,
			"wheelRate": [ 7, 7, 2, 2 ],
			"bumpStopRateUp": [ 9, 9, 7, 7 ],
			"bumpStopRateDn": [ 0, 0, 10, 10 ],
			"bumpStopWindow": [ 10, 10, 7, 7 ],
			"brakeTorque": 20,
			"brakeBias": 31
		},
		"dampers":
		{
			"bumpSlow": [ 11, 11, 9, 9 ],
			"bumpFast": [ 1, 1, 2, 2 ],
			"reboundSlow": [ 11, 11, 11, 11 ],
			"reboundFast": [ 3, 3, 3, 3 ]
		},
		"aeroBalance":
		{
			"rideHeight": [ 0, 6, 8, 18 ],
			"rodLength": [ -34.090518951416016, -34.090518951416016, -17.830198287963867, -17.830198287963867 ],
			"splitter": 0,
			"rearWing": 14,
			"brakeDuct": [ 3, 2 ]
		},
		"drivetrain":
		{
			"preload": 27
		}
	},
	"trackBopType": 27
}