{
	"carName": "ferrari_488_gt3_evo",
	"basicSetup":
	{
		"tyres":
		{
			"tyreCompound": 0,
			"tyrePressure": [ 50, 60, 52, 59 ]
		},
		"alignment":
		{
			"camber": [ 0, 0, 0, 0 ],
			"toe": [ 15, 15, 5, 5 ],
			"staticCamber": [ -3.1137664318084717, -3.107898473739624, -2.37166428565979, -2.3664238452911377 ],
			"toeOutLinear": [ 0.0014233269030228257, 0.0014233742840588093, -0.0014031600439921021, -0.0014029695885255933 ],
			"casterLF": 46,
			"casterRF": 46,
			"steerRatio": 4
		},
		"electronics":
		{
			"tC1": 6,
			"tC2": 2,
			"abs": 5,
			"eCUMap": 0,
			"fuelMix": 0,
			"telemetryLaps": 0
		},
		"strategy":
		{
			"fuel": 15,
			"nPitStops": 0,
			"tyreSet": 0,
			"frontBrakePadCompound": 0,
			"rearBrakePadCompound": 0,
			"pitStrategy": [
				{
					"fuelToAdd": 0,
					"tyres":
					{
						"tyreCompound": 0,
						"tyrePressure": [ 50, 55, 50, 53 ]
					},
					"tyreSet": 2,
					"frontBrakePadCompound": 1,
					"rearBrakePadCompound": 1
				}
			],
			"fuelPerLap": 3
		}
	},
	"advancedSetup":
	{
		"mechanicalBalance":
		{
			"aRBFront": 30,
			"aRBRear": 15,
			"wheelRate": [ 7, 7, 4, 4 ],
			"bumpStopRateUp": [ 5, 5, 9, 9 ],
			"bumpStopRateDn": [ 0, 0, 10, 10 ],
			"bumpStopWindow": [ 10, 10, 60, 60 ],
			"brakeTorque": 20,
			"brakeBias": 25
		},
		"dampers":
		{
			"bumpSlow": [ 7, 7, 7, 7 ],
			"bumpFast": [ 6, 6, 6, 6 ],
			"reboundSlow": [ 8, 8, 8, 8 ],
			"reboundFast": [ 6, 6, 6, 6 ]
		},
		"aeroBalance":
		{
			"rideHeight": [ 1, 6, 8, 18 ],
			"rodLength": [ -34.047554016113281, -34.047554016113281, -20.182872772216797, -20.182872772216797 ],
			"splitter": 0,
			"rearWing": 10,
			"brakeDuct": [ 3, 4 ]
		},
		"drivetrain":
		{
			"preload": 10
		}
	},
	"trackBopType": 27
}