{
	"carName": "bentley_continental_gt3_2018",
	"basicSetup":
	{
		"tyres":
		{
			"tyreCompound": 0,
			"tyrePressure": [ 52, 67, 55, 68 ]
		},
		"alignment":
		{
			"camber": [ 0, 0, 2, 2 ],
			"toe": [ 30, 30, 55, 55 ],
			"staticCamber": [ -3.632854700088501, -3.6079034805297852, -2.4476563930511475, -2.4267101287841797 ],
			"toeOutLinear": [ 0.00029024179093539715, 0.00029022755916230381, -0.00063253217376768589, -0.00063240434974431992 ],
			"casterLF": 23,
			"casterRF": 23,
			"steerRatio": 2
		},
		"electronics":
		{
			"tC1": 3,
			"tC2": 0,
			"abs": 4,
			"eCUMap": 0,
			"fuelMix": 0,
			"telemetryLaps": 0
		},
		"strategy":
		{
			"fuel": 15,
			"nPitStops": 0,
			"tyreSet": 1,
			"frontBrakePadCompound": 0,
			"rearBrakePadCompound": 0,
			"pitStrategy": [
				{
					"fuelToAdd": 0,
					"tyres":
					{
						"tyreCompound": 0,
						"tyrePressure": [ 50, 56, 50, 54 ]
					},
					"tyreSet": 2,
					"frontBrakePadCompound": 1,
					"rearBrakePadCompound": 1
				}
			],
			"fuelPerLap": 2.7999999523162842
		}
	},
	"advancedSetup":
	{
		"mechanicalBalance":
		{
			"aRBFront": 4,
			"aRBRear": 2,
			"wheelRate": [ 9, 9, 11, 11 ],
			"bumpStopRateUp": [ 5, 5, 4, 4 ],
			"bumpStopRateDn": [ 0, 0, 10, 10 ],
			"bumpStopWindow": [ 5, 5, 55, 55 ],
			"brakeTorque": 20,
			"brakeBias": 37
		},
		"dampers":
		{
			"bumpSlow": [ 15, 15, 18, 18 ],
			"bumpFast": [ 14, 14, 15, 15 ],
			"reboundSlow": [ 20, 20, 24, 24 ],
			"reboundFast": [ 25, 25, 20, 20 ]
		},
		"aeroBalance":
		{
			"rideHeight": [ 1, 6, 20, 18 ],
			"rodLength": [ 4.773923397064209, 4.773923397064209, -8.1805496215820313, -8.1805496215820313 ],
			"splitter": 0,
			"rearWing": 7,
			"brakeDuct": [ 4, 3 ]
		},
		"drivetrain":
		{
			"preload": 5
		}
	},
	"trackBopType": 28
}