{
	"carName": "amr_v8_vantage_gt3",
	"basicSetup":
	{
		"tyres":
		{
			"tyreCompound": 0,
			"tyrePressure": [ 49, 60, 53, 59 ]
		},
		"alignment":
		{
			"camber": [ 0, 0, 0, 0 ],
			"toe": [ 0, 0, 0, 0 ],
			"staticCamber": [ -5.4327840805053711, -5.4257035255432129, -5.1585125923156738, -5.1543693542480469 ],
			"toeOutLinear": [ 0.00078101665712893009, 0.00078101531835272908, -0.0009278514189645648, -0.00092779245460405946 ],
			"casterLF": 18,
			"casterRF": 18,
			"steerRatio": 1
		},
		"electronics":
		{
			"tC1": 2,
			"tC2": 8,
			"abs": 2,
			"eCUMap": 0,
			"fuelMix": 0,
			"telemetryLaps": 5
		},
		"strategy":
		{
			"fuel": 14,
			"nPitStops": 0,
			"tyreSet": 4,
			"frontBrakePadCompound": 0,
			"rearBrakePadCompound": 0,
			"pitStrategy": [
				{
					"fuelToAdd": 0,
					"tyres":
					{
						"tyreCompound": 0,
						"tyrePressure": [ 46, 63, 49, 61 ]
					},
					"tyreSet": 2,
					"frontBrakePadCompound": 0,
					"rearBrakePadCompound": 0
				}
			],
			"fuelPerLap": 3.1177425384521484
		}
	},
	"advancedSetup":
	{
		"mechanicalBalance":
		{
			"aRBFront": 4,
			"aRBRear": 4,
			"wheelRate": [ 3, 3, 3, 3 ],
			"bumpStopRateUp": [ 5, 5, 6, 6 ],
			"bumpStopRateDn": [ 0, 0, 10, 10 ],
			"bumpStopWindow": [ 9, 9, 0, 0 ],
			"brakeTorque": 20,
			"brakeBias": 19
		},
		"dampers":
		{
			"bumpSlow": [ 11, 11, 12, 12 ],
			"bumpFast": [ 26, 26, 16, 16 ],
			"reboundSlow": [ 23, 23, 23, 23 ],
			"reboundFast": [ 20, 20, 23, 23 ]
		},
		"aeroBalance":
		{
			"rideHeight": [ 1, 6, 23, 18 ],
			"rodLength": [ 57.306827545166016, 57.306827545166016, 68.21771240234375, 68.21771240234375 ],
			"splitter": 0,
			"rearWing": 6,
			"brakeDuct": [ 3, 2 ]
		},
		"drivetrain":
		{
			"preload": 7
		}
	},
	"trackBopType": 32
}