{
	"carName": "amr_v8_vantage_gt3",
	"basicSetup":
	{
		"tyres":
		{
			"tyreCompound": 0,
			"tyrePressure": [ 50, 58, 52, 59 ]
		},
		"alignment":
		{
			"camber": [ 0, 0, 0, 0 ],
			"toe": [ 0, 0, 5, 5 ],
			"staticCamber": [ -5.5192265510559082, -5.5138072967529297, -5.4193663597106934, -5.4145646095275879 ],
			"toeOutLinear": [ 0.00073548243381083012, 0.00073547224747017026, -0.00079106457997113466, -0.00079104775795713067 ],
			"casterLF": 0,
			"casterRF": 0,
			"steerRatio": 1
		},
		"electronics":
		{
			"tC1": 2,
			"tC2": 8,
			"abs": 5,
			"eCUMap": 0,
			"fuelMix": 0,
			"telemetryLaps": 6
		},
		"strategy":
		{
			"fuel": 14,
			"nPitStops": 0,
			"tyreSet": 2,
			"frontBrakePadCompound": 0,
			"rearBrakePadCompound": 0,
			"pitStrategy": [
				{
					"fuelToAdd": 85,
					"tyres":
					{
						"tyreCompound": 0,
						"tyrePressure": [ 59, 53, 54, 49 ]
					},
					"tyreSet": 2,
					"frontBrakePadCompound": 1,
					"rearBrakePadCompound": 1
				}
			],
			"fuelPerLap": 2.538914680480957
		}
	},
	"advancedSetup":
	{
		"mechanicalBalance":
		{
			"aRBFront": 5,
			"aRBRear": 3,
			"wheelRate": [ 2, 2, 5, 5 ],
			"bumpStopRateUp": [ 7, 7, 4, 4 ],
			"bumpStopRateDn": [ 0, 0, 10, 10 ],
			"bumpStopWindow": [ 12, 12, 35, 35 ],
			"brakeTorque": 20,
			"brakeBias": 30
		},
		"dampers":
		{
			"bumpSlow": [ 15, 15, 14, 14 ],
			"bumpFast": [ 25, 25, 15, 15 ],
			"reboundSlow": [ 22, 22, 23, 23 ],
			"reboundFast": [ 30, 30, 24, 24 ]
		},
		"aeroBalance":
		{
			"rideHeight": [ 4, 6, 33, 18 ],
			"rodLength": [ 63.572357177734375, 63.572357177734375, 77.709625244140625, 77.709625244140625 ],
			"splitter": 0,
			"rearWing": 10,
			"brakeDuct": [ 4, 3 ]
		},
		"drivetrain":
		{
			"preload": 9
		}
	},
	"trackBopType": 37
}