{
	"carName": "lexus_rc_f_gt3",
	"basicSetup":
	{
		"tyres":
		{
			"tyreCompound": 0,
			"tyrePressure": [ 56, 66, 54, 60 ]
		},
		"alignment":
		{
			"camber": [ 0, 0, 0, 0 ],
			"toe": [ 30, 30, 52, 52 ],
			"staticCamber": [ -3.4502508640289307, -3.4421887397766113, -2.8756091594696045, -2.8714888095855713 ],
			"toeOutLinear": [ -2.209687045251485e-05, -2.2067846657591872e-05, -0.00025705192820169032, -0.00025698196259327233 ],
			"casterLF": 22,
			"casterRF": 22,
			"steerRatio": 3
		},
		"electronics":
		{
			"tC1": 1,
			"tC2": 0,
			"abs": 3,
			"eCUMap": 0,
			"fuelMix": 0,
			"telemetryLaps": 10
		},
		"strategy":
		{
			"fuel": 18,
			"nPitStops": 0,
			"tyreSet": 6,
			"frontBrakePadCompound": 0,
			"rearBrakePadCompound": 0,
			"pitStrategy": [
				{
					"fuelToAdd": 0,
					"tyres":
					{
						"tyreCompound": 0,
						"tyrePressure": [ 56, 66, 54, 60 ]
					},
					"tyreSet": 2,
					"frontBrakePadCompound": 0,
					"rearBrakePadCompound": 0
				}
			],
			"fuelPerLap": 2.7899999618530273
		}
	},
	"advancedSetup":
	{
		"mechanicalBalance":
		{
			"aRBFront": 5,
			"aRBRear": 3,
			"wheelRate": [ 3, 3, 1, 1 ],
			"bumpStopRateUp": [ 4, 4, 3, 3 ],
			"bumpStopRateDn": [ 0, 0, 10, 10 ],
			"bumpStopWindow": [ 1, 1, 48, 48 ],
			"brakeTorque": 20,
			"brakeBias": 45
		},
		"dampers":
		{
			"bumpSlow": [ 8, 8, 23, 23 ],
			"bumpFast": [ 10, 10, 8, 8 ],
			"reboundSlow": [ 16, 16, 30, 30 ],
			"reboundFast": [ 19, 19, 15, 15 ]
		},
		"aeroBalance":
		{
			"rideHeight": [ 1, 6, 19, 18 ],
			"rodLength": [ -20.998722076416016, -20.998722076416016, 1.1635862588882446, 1.1635862588882446 ],
			"splitter": 0,
			"rearWing": 15,
			"brakeDuct": [ 4, 3 ]
		},
		"drivetrain":
		{
			"preload": 3
		}
	},
	"trackBopType": 28
}