{
	"carName": "nissan_gt_r_gt3_2018",
	"basicSetup":
	{
		"tyres":
		{
			"tyreCompound": 0,
			"tyrePressure": [ 59, 53, 60, 56 ]
		},
		"alignment":
		{
			"camber": [ 5, 5, 0, 0 ],
			"toe": [ 5, 5, 12, 12 ],
			"staticCamber": [ -3.4181957244873047, -3.4228024482727051, -3.0205459594726563, -3.0239346027374268 ],
			"toeOutLinear": [ -0.00014561746502295136, -0.00014572723011951894, 9.4305600214283913e-05, 9.4283372163772583e-05 ],
			"casterLF": 3,
			"casterRF": 3,
			"steerRatio": 3
		},
		"electronics":
		{
			"tC1": 2,
			"tC2": 0,
			"abs": 4,
			"eCUMap": 0,
			"fuelMix": 0,
			"telemetryLaps": 0
		},
		"strategy":
		{
			"fuel": 26,
			"nPitStops": 0,
			"tyreSet": 0,
			"frontBrakePadCompound": 1,
			"rearBrakePadCompound": 1,
			"pitStrategy": [
				{
					"fuelToAdd": 0,
					"tyres":
					{
						"tyreCompound": 0,
						"tyrePressure": [ 61, 52, 60, 54 ]
					},
					"tyreSet": 2,
					"frontBrakePadCompound": 1,
					"rearBrakePadCompound": 1
				}
			],
			"fuelPerLap": 3.9500000476837158
		}
	},
	"advancedSetup":
	{
		"mechanicalBalance":
		{
			"aRBFront": 6,
			"aRBRear": 6,
			"wheelRate": [ 5, 5, 3, 3 ],
			"bumpStopRateUp": [ 13, 13, 3, 3 ],
			"bumpStopRateDn": [ 0, 0, 10, 10 ],
			"bumpStopWindow": [ 0, 0, 50, 50 ],
			"brakeTorque": 20,
			"brakeBias": 44
		},
		"dampers":
		{
			"bumpSlow": [ 25, 25, 22, 22 ],
			"bumpFast": [ 18, 18, 18, 18 ],
			"reboundSlow": [ 24, 24, 23, 23 ],
			"reboundFast": [ 29, 29, 35, 35 ]
		},
		"aeroBalance":
		{
			"rideHeight": [ 2, 11, 8, 18 ],
			"rodLength": [ -5.6390976905822754, -5.6390976905822754, 0.68356800079345703, 0.68356800079345703 ],
			"splitter": 0,
			"rearWing": 1,
			"brakeDuct": [ 4, 4 ]
		},
		"drivetrain":
		{
			"preload": 12
		}
	}
}