{
	"carName": "honda_nsx_gt3_evo",
	"basicSetup":
	{
		"tyres":
		{
			"tyreCompound": 0,
			"tyrePressure": [ 61, 70, 52, 61 ]
		},
		"alignment":
		{
			"camber": [ 0, 0, 1, 1 ],
			"toe": [ 25, 25, 55, 55 ],
			"staticCamber": [ -2.2688748836517334, -2.2639520168304443, -3.4397170543670654, -3.4325511455535889 ],
			"toeOutLinear": [ 0.0008279946050606668, 0.00082749483408406377, 0.00046802451834082603, 0.00046803904115222394 ],
			"casterLF": 15,
			"casterRF": 15,
			"steerRatio": 2
		},
		"electronics":
		{
			"tC1": 3,
			"tC2": 4,
			"abs": 3,
			"eCUMap": 0,
			"fuelMix": 0,
			"telemetryLaps": 0
		},
		"strategy":
		{
			"fuel": 38,
			"nPitStops": 0,
			"tyreSet": 1,
			"frontBrakePadCompound": 0,
			"rearBrakePadCompound": 0,
			"pitStrategy": [
				{
					"fuelToAdd": 0,
					"tyres":
					{
						"tyreCompound": 0,
						"tyrePressure": [ 53, 60, 44, 51 ]
					},
					"tyreSet": 2,
					"frontBrakePadCompound": 1,
					"rearBrakePadCompound": 1
				}
			],
			"fuelPerLap": 2.5511884689331055
		}
	},
	"advancedSetup":
	{
		"mechanicalBalance":
		{
			"aRBFront": 4,
			"aRBRear": 6,
			"wheelRate": [ 4, 4, 7, 7 ],
			"bumpStopRateUp": [ 6, 6, 2, 2 ],
			"bumpStopRateDn": [ 0, 0, 10, 10 ],
			"bumpStopWindow": [ 3, 3, 46, 46 ],
			"brakeTorque": 20,
			"brakeBias": 15
		},
		"dampers":
		{
			"bumpSlow": [ 15, 15, 10, 10 ],
			"bumpFast": [ 14, 14, 12, 12 ],
			"reboundSlow": [ 15, 15, 18, 18 ],
			"reboundFast": [ 24, 24, 20, 20 ]
		},
		"aeroBalance":
		{
			"rideHeight": [ 2, 6, 28, 18 ],
			"rodLength": [ -22.389394760131836, -22.389394760131836, 17.737068176269531, 17.737068176269531 ],
			"splitter": 0,
			"rearWing": 16,
			"brakeDuct": [ 3, 5 ]
		},
		"drivetrain":
		{
			"preload": 0
		}
	},
	"trackBopType": 28
}