{
	"carName": "ferrari_488_gt3_evo",
	"basicSetup":
	{
		"tyres":
		{
			"tyreCompound": 0,
			"tyrePressure": [ 58, 59, 59, 60 ]
		},
		"alignment":
		{
			"camber": [ 2, 2, 5, 5 ],
			"toe": [ 35, 35, 45, 45 ],
			"staticCamber": [ -2.9226741790771484, -2.9224562644958496, -1.740186333656311, -1.7398538589477539 ],
			"toeOutLinear": [ 0.00081026984844356775, 0.00081042986130341887, -0.00055389985209330916, -0.00055477983551099896 ],
			"casterLF": 46,
			"casterRF": 46,
			"steerRatio": 4
		},
		"electronics":
		{
			"tC1": 5,
			"tC2": 5,
			"abs": 5,
			"eCUMap": 0,
			"fuelMix": 0,
			"telemetryLaps": 7
		},
		"strategy":
		{
			"fuel": 58,
			"nPitStops": 0,
			"tyreSet": 3,
			"frontBrakePadCompound": 1,
			"rearBrakePadCompound": 1,
			"pitStrategy": [
				{
					"fuelToAdd": 0,
					"tyres":
					{
						"tyreCompound": 0,
						"tyrePressure": [ 45, 50, 40, 46 ]
					},
					"tyreSet": 2,
					"frontBrakePadCompound": 1,
					"rearBrakePadCompound": 1
				}
			],
			"fuelPerLap": 3.9264590740203857
		}
	},
	"advancedSetup":
	{
		"mechanicalBalance":
		{
			"aRBFront": 43,
			"aRBRear": 8,
			"wheelRate": [ 9, 9, 1, 1 ],
			"bumpStopRateUp": [ 7, 7, 0, 0 ],
			"bumpStopRateDn": [ 0, 0, 10, 10 ],
			"bumpStopWindow": [ 1, 1, 50, 50 ],
			"brakeTorque": 20,
			"brakeBias": 52
		},
		"dampers":
		{
			"bumpSlow": [ 9, 9, 3, 3 ],
			"bumpFast": [ 1, 1, 1, 1 ],
			"reboundSlow": [ 5, 5, 8, 8 ],
			"reboundFast": [ 1, 1, 1, 1 ]
		},
		"aeroBalance":
		{
			"rideHeight": [ 3, 6, 1, 18 ],
			"rodLength": [ -33.7041015625, -33.7041015625, -22.783584594726563, -22.783584594726563 ],
			"splitter": 0,
			"rearWing": 2,
			"brakeDuct": [ 3, 3 ]
		},
		"drivetrain":
		{
			"preload": 12
		}
	},
	"trackBopType": 29
}