{
	"carName": "ferrari_488_gt3_evo",
	"basicSetup":
	{
		"tyres":
		{
			"tyreCompound": 0,
			"tyrePressure": [ 58, 58, 58, 59 ]
		},
		"alignment":
		{
			"camber": [ 2, 2, 0, 0 ],
			"toe": [ 32, 32, 44, 44 ],
			"staticCamber": [ -2.8755662441253662, -2.875575065612793, -2.3224112987518311, -2.3217465877532959 ],
			"toeOutLinear": [ 0.00092520762700587511, 0.00092521082842722535, -0.00055703119141981006, -0.00055667257402092218 ],
			"casterLF": 46,
			"casterRF": 46,
			"steerRatio": 4
		},
		"electronics":
		{
			"tC1": 5,
			"tC2": 5,
			"abs": 4,
			"eCUMap": 0,
			"fuelMix": 0,
			"telemetryLaps": 10
		},
		"strategy":
		{
			"fuel": 0,
			"nPitStops": 0,
			"tyreSet": 14,
			"frontBrakePadCompound": 0,
			"rearBrakePadCompound": 0,
			"pitStrategy": [
				{
					"fuelToAdd": 0,
					"tyres":
					{
						"tyreCompound": 0,
						"tyrePressure": [ 51, 54, 49, 51 ]
					},
					"tyreSet": 2,
					"frontBrakePadCompound": 1,
					"rearBrakePadCompound": 1
				}
			],
			"fuelPerLap": 3.7000000476837158
		}
	},
	"advancedSetup":
	{
		"mechanicalBalance":
		{
			"aRBFront": 27,
			"aRBRear": 7,
			"wheelRate": [ 7, 7, 5, 5 ],
			"bumpStopRateUp": [ 7, 7, 6, 6 ],
			"bumpStopRateDn": [ 0, 0, 10, 10 ],
			"bumpStopWindow": [ 4, 4, 5, 5 ],
			"brakeTorque": 20,
			"brakeBias": 54
		},
		"dampers":
		{
			"bumpSlow": [ 2, 2, 0, 0 ],
			"bumpFast": [ 1, 1, 1, 1 ],
			"reboundSlow": [ 1, 1, 3, 3 ],
			"reboundFast": [ 1, 1, 1, 1 ]
		},
		"aeroBalance":
		{
			"rideHeight": [ 1, 6, 4, 18 ],
			"rodLength": [ -33.874996185302734, -33.874996185302734, -24.983022689819336, -24.983022689819336 ],
			"splitter": 0,
			"rearWing": 1,
			"brakeDuct": [ 4, 3 ]
		},
		"drivetrain":
		{
			"preload": 19
		}
	},
	"trackBopType": 33
}