{
	"carName": "amr_v8_vantage_gt3",
	"basicSetup":
	{
		"tyres":
		{
			"tyreCompound": 0,
			"tyrePressure": [ 61, 54, 62, 57 ]
		},
		"alignment":
		{
			"camber": [ 0, 0, 0, 0 ],
			"toe": [ 0, 0, 0, 0 ],
			"staticCamber": [ -5.4872722625732422, -5.4914431571960449, -5.3591656684875488, -5.3630480766296387 ],
			"toeOutLinear": [ 0.00073552801040932536, 0.00073552149115130305, -0.0009162366040982306, -0.00091625429922714829 ],
			"casterLF": 0,
			"casterRF": 0,
			"steerRatio": 1
		},
		"electronics":
		{
			"tC1": 1,
			"tC2": 7,
			"abs": 5,
			"eCUMap": 0,
			"fuelMix": 0,
			"telemetryLaps": 6
		},
		"strategy":
		{
			"fuel": 16,
			"nPitStops": 0,
			"tyreSet": 0,
			"frontBrakePadCompound": 0,
			"rearBrakePadCompound": 0,
			"pitStrategy": [
				{
					"fuelToAdd": 85,
					"tyres":
					{
						"tyreCompound": 0,
						"tyrePressure": [ 59, 53, 54, 49 ]
					},
					"tyreSet": 2,
					"frontBrakePadCompound": 1,
					"rearBrakePadCompound": 1
				}
			],
			"fuelPerLap": 2.887521505355835
		}
	},
	"advancedSetup":
	{
		"mechanicalBalance":
		{
			"aRBFront": 4,
			"aRBRear": 5,
			"wheelRate": [ 2, 2, 5, 5 ],
			"bumpStopRateUp": [ 6, 6, 5, 5 ],
			"bumpStopRateDn": [ 0, 0, 10, 10 ],
			"bumpStopWindow": [ 14, 14, 28, 28 ],
			"brakeTorque": 20,
			"brakeBias": 28
		},
		"dampers":
		{
			"bumpSlow": [ 15, 15, 14, 14 ],
			"bumpFast": [ 25, 25, 15, 15 ],
			"reboundSlow": [ 22, 22, 23, 23 ],
			"reboundFast": [ 30, 30, 24, 24 ]
		},
		"aeroBalance":
		{
			"rideHeight": [ 3, 6, 30, 18 ],
			"rodLength": [ 62.6015625, 62.6015625, 74.777786254882813, 74.777786254882813 ],
			"splitter": 0,
			"rearWing": 10,
			"brakeDuct": [ 3, 3 ]
		},
		"drivetrain":
		{
			"preload": 7
		}
	},
	"trackBopType": 27
}